Population Density,County Name
586.2,Jefferson
422.3,Madison
286.1,Montgomery
251.9,Mobile
248.5,Shelby
240.0,Lee
199.9,Morgan
191.4,Calhoun
189.8,Etowah
177.2,Houston
151.0,Marshall
147.0,Tuscaloosa
143.6,Limestone
130.4,Saint Clair
128.7,Lauderdale
122.2,Elmore
107.4,Talladega
106.8,Cullman
94.3,Baldwin
91.3,De Kalb
91.2,Autauga
88.9,Dale
88.6,Blount
88.0,Russell
87.6,Colbert
82.2,Walker
74.5,Coffee
62.5,Chilton
56.5,Chambers
53.9,Tallapoosa
49.4,Pike
49.0,Franklin
47.2,Lawrence
47.0,Jackson
46.3,Geneva
43.4,Cherokee
43.0,Dallas
41.1,Marion
39.9,Escambia
38.9,Randolph
38.4,Winston
36.3,Covington
36.2,Bibb
33.4,Macon
30.4,Henry
30.0,Barbour
27.0,Fayette
26.7,Cleburne
26.4,Butler
23.6,Lamar
23.4,Hale
22.8,Crenshaw
22.5,Clay
22.1,Pickens
21.8,Monroe
20.9,Marengo
20.2,Clarke
17.1,Bullock
16.9,Coosa
15.7,Washington
15.2,Conecuh
15.1,Lowndes
14.7,Choctaw
14.7,Sumter
14.1,Perry
13.3,Greene
12.5,Wilcox
152.1,Anchorage
13.3,Fairbanks North Star
9.9,Juneau
3.7,Matanuska Susitna
2.3,Kenai Peninsula
2.1,Skagway
2.1,Ketchikan Gateway
1.9,Sitka
1.2,Kodiak Island
1.1,Bristol Bay
0.9,Haines
0.8,Prince Of Wales Hyder
0.7,Wrangell
0.6,Petersburg
0.4,Aleutians West
0.4,Wade Hampton
0.4,Bethel
0.3,Nome
0.3,Southeast Fairbanks
0.2,Valdez Cordova
0.2,Dillingham
0.2,Aleutians East
0.2,Hoonah Angoon
0.2,Northwest Arctic
0.2,Denali
0.1,North Slope
0.1,Yakutat
0.0,Lake And Peninsula
0.0,Yukon Koyukuk
427.9,Maricopa
108.1,Pima
72.6,Pinal
38.2,Santa Cruz
36.5,Yuma
26.3,Yavapai
21.0,Cochise
15.0,Mohave
11.1,Gila
10.8,Navajo
8.0,Graham
7.3,Coconino
6.4,Apache
4.8,Greenlee
4.5,La Paz
481.3,Pulaski
263.2,Benton
232.2,Sebastian
222.8,Washington
177.4,Faulkner
153.1,Saline
140.1,Craighead
131.8,Garland
102.3,Crawford
87.3,Lonoke
81.7,Jefferson
78.8,Crittenden
75.5,Pope
75.1,White
74.1,Greene
70.1,Baxter
68.3,Miller
61.8,Boone
53.5,Hot Spring
49.3,Mississippi
47.8,Independence
43.6,Cleburne
43.2,Carroll
43.0,Saint Francis
38.8,Union
37.8,Johnson
37.4,Conway
34.4,Ouachita
31.9,Poinsett
31.8,Columbia
30.2,Logan
30.2,Hempstead
29.7,Sevier
29.0,Franklin
29.0,Lawrence
28.7,Phillips
28.5,Grant
28.3,Cross
28.2,Sharp
27.7,Jackson
27.1,Randolph
25.8,Clark
25.8,Marion
24.7,Lincoln
24.3,Clay
23.7,Polk
23.6,Van Buren
23.2,Izard
23.1,Yell
23.0,Howard
22.8,Ashley
22.8,Little River
22.4,Drew
20.6,Stone
19.7,Fulton
18.8,Madison
18.5,Perry
18.2,Arkansas
18.2,Pike
17.3,Bradley
16.6,Chicot
16.4,Lee
15.4,Desha
14.4,Cleveland
14.3,Nevada
13.6,Lafayette
12.6,Monroe
12.5,Prairie
12.3,Scott
12.0,Searcy
11.9,Woodruff
11.9,Dallas
11.6,Montgomery
9.9,Newton
8.3,Calhoun
3575.3,San Francisco
3255.4,Orange
2099.4,Los Angeles
1898.5,Alameda
1459.0,Sacramento
1412.2,Santa Clara
1345.2,Contra Costa
998.5,San Mateo
703.4,San Diego
491.4,San Joaquin
465.3,Solano
440.1,Santa Cruz
378.5,Ventura
345.2,Stanislaus
310.4,Riverside
310.1,Marin
278.2,Sonoma
240.6,Placer
199.5,Yolo
176.6,Napa
157.8,Fresno
156.2,Sutter
132.2,Merced
132.1,Butte
113.9,Santa Barbara
113.5,Yuba
112.7,Monterey
108.8,Kings
105.1,Kern
103.4,San Bernardino
101.6,El Dorado
101.3,Nevada
93.2,Tulare
75.8,San Luis Obispo
70.8,Madera
61.3,Amador
48.3,Lake
46.4,Shasta
43.3,Calaveras
40.9,San Benito
39.5,Imperial
33.3,Humboldt
23.9,Tuolumne
22.8,Del Norte
22.6,Mendocino
21.4,Tehama
21.1,Glenn
18.5,Colusa
12.3,Mariposa
7.4,Plumas
7.1,Lassen
7.0,Siskiyou
4.5,Mono
4.2,Trinity
3.1,Sierra
2.2,Modoc
1.8,Inyo
1.6,Alpine
4098.6,Denver
1756.8,Broomfield
740.8,Arapahoe
705.6,Jefferson
412.2,Boulder
389.9,Adams
355.7,Douglas
303.2,El Paso
118.2,Larimer
67.0,Pueblo
66.0,Weld
46.0,Summit
44.1,Mesa
41.8,Teller
37.0,Gilpin
30.9,La Plata
30.9,Eagle
30.6,Fremont
26.4,Delta
23.0,Clear Creek
22.3,Alamosa
21.9,Morgan
19.2,Garfield
19.0,Lake
18.2,Montrose
17.9,Chaffee
17.8,Pitkin
14.7,Otero
13.0,Rio Grande
12.7,Elbert
12.5,Montezuma
12.3,Logan
9.9,Routt
9.0,Archuleta
8.4,Ouray
7.7,Grand
7.5,Prowers
7.3,Park
6.9,Crowley
6.4,Conejos
6.4,Phillips
5.9,San Miguel
5.8,Custer
4.8,Gunnison
4.3,Sedgwick
4.3,Yuma
4.1,Huerfano
3.9,Bent
3.8,Kit Carson
3.1,Las Animas
2.9,Costilla
2.8,Moffat
2.1,Lincoln
2.1,Rio Blanco
2.0,Saguache
1.9,Washington
1.7,San Juan
1.6,Dolores
1.5,Baca
1.2,Cheyenne
0.9,Jackson
0.8,Mineral
0.8,Kiowa
0.8,Hinsdale
1195.5,Hartford
1116.3,Fairfield
1001.3,New Haven
377.0,Middlesex
365.1,Tolland
355.2,New London
226.1,Windham
198.5,Litchfield
1104.9,New Castle
209.8,Kent
170.3,Sussex
9273.3,District Of Columbia
1521.1,Pinellas
1372.2,Broward
1251.5,Seminole
1196.3,Orange
1069.8,Miami-Dade
1011.0,Hillsborough
959.0,Duval
570.3,Palm Beach
544.4,Pasco
534.1,Lee
533.5,Sarasota
412.7,Saint Lucie
400.2,Leon
376.2,Manatee
352.5,Brevard
348.3,Volusia
347.7,Escambia
307.0,Polk
302.8,Clay
295.1,Hernando
263.6,Lake
259.9,Alachua
247.6,Saint Johns
228.4,Indian River
201.4,Marion
198.8,Martin
192.2,Osceola
190.1,Charlotte
180.7,Citrus
178.9,Sumter
174.6,Okaloosa
173.2,Flagler
167.4,Bay
145.1,Collier
134.8,Santa Rosa
103.2,Nassau
91.7,Bradford
88.8,Highlands
88.7,Gadsden
88.5,Putnam
84.4,Columbia
62.7,Suwannee
61.1,Union
54.4,De Soto
51.4,Jackson
47.7,Gilchrist
46.6,Walton
45.9,Baker
44.2,Okeechobee
43.2,Hardee
42.2,Wakulla
40.4,Holmes
40.0,Washington
32.2,Hendry
28.4,Levy
27.9,Hamilton
26.4,Madison
25.5,Calhoun
22.5,Jefferson
20.9,Gulf
20.1,Monroe
18.7,Dixie
18.4,Taylor
16.1,Lafayette
13.4,Glades
11.3,Franklin
9.8,Liberty
2608.2,Dekalb
2057.7,Cobb
1928.0,Gwinnett
1830.7,Clayton
1809.9,Fulton
988.8,Clarke
897.0,Muscogee
765.9,Forsyth
671.7,Douglas
653.0,Rockdale
640.2,Henry
612.4,Richmond
607.9,Bibb
541.5,Fayette
510.9,Cherokee
463.1,Paulding
435.4,Chatham
435.0,Barrow
431.7,Hall
430.3,Columbia
399.8,Catoosa
383.3,Houston
363.6,Newton
354.3,Whitfield
320.4,Spalding
294.8,Coweta
280.6,Dougherty
258.7,Walton
222.0,Carroll
220.4,Lowndes
214.4,Bartow
185.4,Floyd
181.2,Oconee
180.7,Peach
177.6,Jackson
171.5,Baldwin
155.5,Gordon
155.3,Habersham
153.3,Troup
153.1,Walker
151.5,Tift
139.7,Stephens
138.3,Glynn
132.2,Polk
127.0,Pickens
124.8,Butts
113.9,White
113.7,Murray
111.1,Effingham
108.1,Lumpkin
107.0,Liberty
104.9,Dawson
104.5,Bulloch
100.9,Haralson
98.9,Hart
98.5,Madison
97.5,Lamar
94.9,Dade
83.3,Crisp
82.8,Franklin
82.6,Colquitt
81.5,Upson
81.3,Chattooga
81.2,Pike
81.0,Thomas
80.9,Mcduffie
79.6,Lee
78.3,Banks
73.5,Toombs
73.2,Cook
72.8,Jones
71.3,Coffee
70.8,Bryan
69.1,Ben Hill
68.8,Harris
67.3,Monroe
66.0,Gilmer
65.5,Union
65.5,Camden
64.6,Sumter
62.0,Towns
60.3,Fannin
58.9,Bleckley
58.8,Putnam
58.7,Laurens
58.2,Evans
54.9,Pierce
54.8,Grady
52.6,Elbert
51.9,Tattnall
51.8,Lanier
50.4,Morgan
47.2,Chattahoochee
46.5,Pulaski
46.5,Wayne
45.1,Mitchell
44.8,Jeff Davis
44.4,Candler
44.1,Decatur
43.2,Rabun
42.5,Dodge
42.4,Meriwether
41.7,Berrien
41.3,Brantley
39.9,Greene
39.6,Ware
39.5,Long
39.2,Bacon
38.8,Heard
38.4,Crawford
37.2,Worth
37.1,Telfair
36.8,Montgomery
36.5,Jasper
36.4,Dooly
36.0,Appling
35.1,Macon
34.3,Seminole
33.5,Treutlen
33.2,Oglethorpe
32.9,Emanuel
32.1,Johnson
31.7,Brooks
31.3,Jefferson
30.5,Washington
30.3,Lincoln
30.1,Schley
29.3,Turner
27.7,Burke
27.6,Terrell
26.4,Wheeler
26.1,Irwin
24.9,Jenkins
24.7,Mcintosh
24.1,Atkinson
23.8,Marion
23.7,Twiggs
23.7,Wilcox
23.1,Calhoun
22.4,Taylor
21.8,Screven
21.4,Glascock
21.4,Wilkes
21.2,Miller
20.9,Wilkinson
20.6,Early
19.6,Warren
18.9,Hancock
17.2,Randolph
16.7,Charlton
16.7,Talbot
15.0,Quitman
14.3,Clay
13.1,Webster
12.7,Stewart
9.6,Baker
9.6,Echols
8.7,Taliaferro
8.2,Clinch
458.5,Honolulu
66.2,Maui
54.3,Kauai
37.2,Hawaii
385.9,Ada
323.7,Canyon
108.5,Kootenai
79.8,Madison
72.7,Bannock
56.1,Bonneville
55.2,Payette
46.3,Nez Perce
40.9,Twin Falls
37.5,Jerome
35.3,Latah
29.6,Gem
26.5,Minidoka
24.1,Jefferson
22.7,Teton
21.5,Bingham
21.3,Bonner
20.8,Gooding
19.2,Franklin
11.7,Benewah
9.0,Cassia
8.5,Boundary
8.5,Elmore
8.0,Blaine
8.0,Lewis
6.9,Fremont
6.8,Washington
5.7,Bear Lake
5.4,Power
4.8,Shoshone
4.4,Lincoln
3.8,Caribou
3.6,Boise
3.5,Oneida
3.5,Clearwater
2.9,Adams
2.6,Valley
1.9,Idaho
1.7,Lemhi
1.5,Owyhee
1.2,Butte
1.1,Camas
0.9,Custer
0.5,Clark
3197.7,Cook
2754.0,Dupage
995.6,Kane
803.2,Will
562.4,Winnebago
513.8,Lake
504.1,Mchenry
398.2,Saint Clair
366.7,Kendall
361.8,Madison
325.7,Rock Island
296.9,Peoria
226.7,Sangamon
206.5,Tazewell
204.5,Champaign
191.5,Boone
187.5,Macon
165.4,Kankakee
165.3,Dekalb
150.3,Williamson
145.3,Mclean
116.6,Grundy
105.2,Coles
99.8,Jackson
98.2,La Salle
92.2,Franklin
89.6,Vermilion
83.8,Monroe
83.3,Stephenson
82.8,Whiteside
77.0,Adams
75.4,Clinton
72.9,Knox
71.8,Woodford
71.4,Effingham
69.2,Ogle
67.6,Marion
66.3,Jefferson
64.3,Saline
62.6,Massac
61.6,Morgan
60.6,Henry
60.3,Jersey
55.4,Randolph
54.9,Mcdonough
54.4,Macoupin
51.6,Wabash
49.3,Perry
48.5,Logan
48.4,Lee
48.1,Christian
47.6,Douglas
45.9,Bond
44.7,Lawrence
44.6,Richland
44.0,Crawford
43.2,Moultrie
41.9,Montgomery
41.7,Union
41.5,Fulton
40.6,Dewitt
40.1,Menard
39.3,Bureau
37.7,Piatt
36.8,Livingston
36.3,Johnson
36.2,Jo Daviess
35.0,Cass
34.2,Putnam
32.7,Warren
32.2,Carroll
32.2,Clark
31.6,Cumberland
31.0,Alexander
30.9,Marshall
30.4,Fayette
30.0,Edwards
29.4,Pulaski
29.1,Clay
29.1,Edgar
29.0,White
28.9,Shelby
28.6,Ford
28.5,Mercer
26.2,Iroquois
25.8,Washington
25.4,Mason
25.0,Greene
23.3,Hardin
23.2,Wayne
23.1,Hancock
22.4,Brown
20.8,Scott
20.4,Stark
19.4,Jasper
19.2,Hamilton
19.1,Pike
17.9,Henderson
17.7,Calhoun
16.9,Schuyler
16.6,Gallatin
11.7,Pope
2281.2,Marion
787.1,Lake
765.4,Vanderburgh
719.9,Hamilton
578.5,St Joseph
546.9,Allen
506.4,Floyd
446.8,Johnson
426.4,Elkhart
369.3,Hendricks
354.0,Tippecanoe
343.0,Monroe
317.8,Porter
298.1,Clark
296.6,Delaware
288.6,Madison
282.1,Howard
263.8,Vigo
230.8,Hancock
192.0,Bartholomew
181.5,La Porte
169.4,Morgan
169.1,Wayne
167.1,Grant
162.1,Dearborn
154.8,Warrick
140.3,Kosciusko
140.0,Boone
124.7,Henry
124.0,Scott
116.3,De Kalb
113.8,Noble
111.3,Fayette
107.6,Shelby
106.0,Steuben
104.6,Marshall
101.7,Lawrence
101.6,Adams
98.6,Whitley
97.6,Lagrange
96.9,Dubois
96.4,Miami
95.3,Huntington
93.4,Cass
89.4,Jefferson
83.9,Jackson
81.4,Clinton
80.6,Harrison
78.2,Putnam
77.2,Wabash
75.9,Blackford
75.5,Montgomery
74.9,Wells
74.6,Jennings
74.4,Clay
74.4,Starke
73.6,Daviess
72.9,Knox
69.9,Decatur
69.5,Ohio
67.3,Gibson
63.8,Ripley
61.4,Vermillion
61.1,Posey
60.4,Greene
60.2,Tipton
59.6,Jasper
58.8,Franklin
56.9,Randolph
55.6,Fulton
55.4,Jay
55.0,Owen
54.2,Washington
53.5,Carroll
52.0,Spencer
50.4,Perry
48.4,Orange
48.1,White
47.6,Brown
47.1,Switzerland
46.7,Sullivan
44.7,Union
42.7,Fountain
42.0,Rush
38.2,Parke
37.3,Pike
35.0,Newton
34.5,Crawford
30.2,Martin
30.2,Pulaski
23.0,Warren
21.7,Benton
752.5,Polk
360.3,Scott
296.7,Linn
230.4,Black Hawk
219.5,Johnson
160.3,Story
154.3,Dubuque
121.9,Dallas
116.6,Woodbury
97.1,Pottawattamie
95.4,Muscatine
93.7,Des Moines
82.1,Warren
81.2,Wapello
76.0,Cerro Gordo
71.4,Marshall
68.5,Clinton
66.0,Lee
58.4,Marion
55.7,Bremer
52.1,Webster
50.1,Jasper
46.3,Henry
45.9,Boone
44.6,Sioux
41.8,Dickinson
39.1,Jefferson
39.1,Mahaska
38.4,Washington
36.5,Buchanan
36.3,Carroll
36.0,Benton
35.7,Jones
35.3,Buena Vista
33.9,Mills
32.2,Floyd
32.0,Poweshiek
31.7,Cedar
30.5,Hardin
30.4,Winneshiek
30.4,Delaware
30.3,Jackson
29.5,Union
29.4,Page
28.9,Clay
28.8,Plymouth
28.3,Fayette
27.8,Madison
27.8,Iowa
27.1,Louisa
26.6,Hamilton
26.5,Winnebago
25.7,Butler
25.0,Emmet
24.8,Montgomery
24.7,Obrien
24.7,Grundy
24.7,Appanoose
24.4,Chickasaw
24.3,Tama
24.2,Cass
24.1,Crawford
22.9,Mitchell
22.6,Clayton
22.3,Wright
22.3,Humboldt
21.5,Clarke
21.5,Allamakee
20.8,Harrison
20.8,Cherokee
20.3,Shelby
20.2,Lucas
20.1,Howard
19.9,Lyon
19.5,Hancock
18.8,Worth
18.5,Monroe
18.2,Guthrie
18.1,Franklin
17.9,Keokuk
17.6,Sac
17.4,Calhoun
17.4,Davis
16.4,Ida
16.3,Palo Alto
16.2,Greene
15.8,Kossuth
15.7,Osceola
15.5,Decatur
15.3,Van Buren
13.9,Fremont
13.4,Audubon
13.2,Adair
13.1,Monona
12.4,Pocahontas
12.1,Wayne
11.6,Taylor
9.4,Ringgold
9.3,Adams
1167.0,Johnson
1021.0,Wyandotte
499.2,Sedgwick
321.4,Shawnee
239.6,Douglas
165.7,Leavenworth
119.7,Riley
90.1,Geary
77.3,Saline
66.0,Crawford
64.4,Harvey
55.5,Miami
53.1,Montgomery
50.5,Reno
45.6,Butler
44.8,Franklin
39.2,Lyon
38.6,Atchison
36.4,Seward
35.8,Cherokee
34.0,Jefferson
32.5,Mcpherson
32.5,Labette
32.1,Ellis
32.0,Cowley
31.5,Ford
30.6,Barton
28.5,Finney
28.5,Neosho
26.1,Allen
25.9,Pottawatomie
23.3,Bourbon
23.1,Dickinson
22.5,Osage
20.5,Jackson
20.1,Sumner
19.8,Doniphan
17.3,Brown
16.0,Wilson
15.8,Linn
14.1,Nemaha
13.8,Rice
13.7,Grant
13.6,Anderson
13.3,Pratt
13.1,Cloud
13.0,Marion
13.0,Coffey
12.9,Clay
11.1,Marshall
9.2,Pawnee
9.0,Kingman
8.9,Ellsworth
8.8,Wabaunsee
8.8,Mitchell
8.4,Ottawa
8.3,Morris
7.9,Stevens
7.7,Russell
7.4,Thomas
7.4,Harper
7.3,Haskell
7.0,Gray
6.9,Scott
6.8,Republic
6.4,Woodson
6.4,Norton
6.4,Washington
6.2,Phillips
5.8,Rooks
5.8,Sherman
5.6,Greenwood
5.5,Chautauqua
5.5,Stafford
4.8,Edwards
4.5,Meade
4.5,Kearny
4.5,Rush
4.4,Lincoln
4.3,Morton
4.3,Barber
4.3,Osborne
4.2,Smith
4.2,Elk
3.5,Chase
3.5,Kiowa
3.3,Jewell
3.3,Trego
3.3,Decatur
3.2,Stanton
3.1,Wichita
2.9,Graham
2.9,Ness
2.8,Sheridan
2.6,Cheyenne
2.6,Hamilton
2.6,Gove
2.6,Logan
2.4,Comanche
2.4,Rawlins
2.3,Lane
2.3,Hodgeman
2.2,Clark
1.7,Wallace
1.6,Greeley
1889.7,Jefferson
1066.3,Fayette
985.2,Kenton
572.5,Campbell
479.7,Boone
314.2,Oldham
303.9,Boyd
284.2,Jessamine
253.4,Bullitt
244.4,Mccracken
233.5,Franklin
214.0,Warren
204.9,Daviess
192.9,Madison
172.3,Scott
170.7,Hardin
159.6,Boyle
139.7,Clark
135.7,Montgomery
134.2,Laurel
131.0,Woodford
113.0,Shelby
106.1,Anderson
104.4,Nelson
103.4,Greenup
102.8,Christian
99.5,Henderson
98.8,Floyd
94.6,Grant
93.8,Pulaski
92.5,Calloway
91.8,Marshall
90.9,Spencer
90.5,Taylor
90.0,Meade
88.6,Johnson
85.4,Barren
84.2,Hopkins
84.1,Mercer
82.5,Perry
82.2,Knox
82.0,Rowan
81.7,Gallatin
81.6,Pike
79.9,Whitley
79.2,Carroll
78.2,Bell
74.2,Simpson
72.9,Lincoln
72.2,Garrard
70.7,Letcher
70.6,Mason
69.7,Powell
68.5,Bourbon
67.3,Graves
66.6,Carter
65.5,Muhlenberg
62.4,Russell
61.4,Harlan
60.2,Harrison
57.6,Marion
57.5,Allen
56.9,Estill
56.4,Trimble
55.3,Martin
53.7,Larue
53.3,Rockcastle
53.0,Henry
51.9,Pendleton
50.7,Grayson
49.6,Clinton
48.2,Logan
46.1,Adair
45.7,Knott
45.5,Clay
44.1,Hart
43.5,Hancock
42.8,Wayne
42.3,Magoffin
41.9,Mccreary
41.8,Union
41.8,Bath
41.3,Fleming
40.5,Bracken
40.2,Ohio
40.1,Webster
39.4,Washington
39.4,Edmonson
38.7,Green
38.6,Jackson
37.7,Lawrence
37.1,Mclean
37.0,Caldwell
36.4,Lee
35.9,Casey
35.9,Nicholas
35.2,Morgan
34.4,Metcalfe
34.3,Breckinridge
33.1,Todd
33.1,Elliott
32.8,Lyon
32.7,Wolfe
32.6,Monroe
30.8,Menifee
30.3,Owen
30.2,Ballard
29.7,Trigg
29.7,Butler
28.4,Fulton
28.0,Lewis
27.6,Breathitt
27.6,Livingston
27.5,Leslie
25.3,Carlisle
24.9,Crittenden
23.6,Owsley
22.4,Robertson
22.0,Cumberland
18.9,Hickman
1052.1,Orleans
943.4,East Baton Rouge
847.2,Lafayette
653.0,Jefferson
370.9,Ascension
272.8,Caddo
245.8,Ouachita
213.3,Saint Tammany
188.0,Livingston
178.1,Calcasieu
150.8,Tangipahoa
140.6,Bossier
128.2,St John The Baptist
128.1,Saint Charles
119.5,West Baton Rouge
100.0,Lincoln
97.1,Rapides
94.4,Acadia
88.9,Saint Landry
84.4,Saint James
71.6,Iberia
69.1,Washington
66.5,Webster
66.0,Lafourche
64.7,Saint Martin
63.6,Assumption
53.9,Terrebonne
51.1,Iberville
49.7,Evangeline
48.1,Avoyelles
48.0,Saint Mary
47.8,Jefferson Davis
43.8,East Feliciana
39.4,Vernon
38.3,Pointe Coupee
38.1,Vermilion
36.9,Richland
36.3,West Feliciana
33.9,Morehouse
33.6,Grant
33.5,Allen
32.5,Franklin
32.0,West Carroll
31.0,Beauregard
30.3,Natchitoches
30.1,De Soto
27.9,Jackson
27.6,Concordia
26.7,Saint Helena
25.0,Union
24.0,Sabine
22.5,La Salle
22.2,Red River
21.9,Claiborne
19.1,Saint Bernard
18.5,Caldwell
18.4,Madison
17.2,East Carroll
17.2,Bienville
15.7,Winn
13.9,Catahoula
9.2,Plaquemines
7.8,Tensas
3.5,Cameron
233.6,Cumberland
216.2,Androscoggin
156.7,York
127.7,Kennebec
94.9,Sagadahoc
48.9,Lincoln
45.6,Waldo
43.2,Penobscot
34.7,Knox
26.4,Oxford
23.3,Hancock
17.5,Franklin
12.6,Somerset
10.3,Aroostook
9.9,Washington
3.9,Piscataquis
1.0,6760.1
2.0,1982.6
3.0,1773.7
4.0,1199.4
5.0,1181.0
6.0,936.2
7.0,471.0
8.0,369.8
9.0,358.5
10.0,318.6
11.0,260.2
12.0,250.8
13.0,243.6
14.0,234.8
15.0,172.1
16.0,141.9
17.0,100.5
18.0,94.8
19.0,79.5
20.0,74.2
21.0,48.4
22.0,45.7
23.0,42.9
24.0,33.2
1.0,6221.3
2.0,1817.9
3.0,1536.8
4.0,914.2
5.0,797.2
6.0,735.4
7.0,510.9
8.0,458.1
9.0,294.1
10.0,164.8
11.0,137.4
12.0,98.4
13.0,34.5
14.0,34.3
1.0,2661.1
2.0,1487.9
3.0,1345.5
4.0,705.8
5.0,644.5
6.0,503.9
7.0,486.5
8.0,439.2
9.0,313.1
10.0,242.3
11.0,221.8
12.0,221.0
13.0,192.5
14.0,188.1
15.0,186.5
16.0,169.8
17.0,165.4
18.0,158.4
19.0,148.0
20.0,133.1
21.0,133.0
22.0,130.4
23.0,128.6
24.0,122.1
25.0,117.3
26.0,117.1
27.0,110.3
28.0,102.4
29.0,102.3
30.0,98.6
31.0,87.5
32.0,84.6
33.0,76.2
34.0,75.7
35.0,73.6
36.0,69.3
37.0,61.2
38.0,60.0
39.0,56.8
40.0,55.9
41.0,53.5
42.0,49.6
43.0,45.9
44.0,41.6
45.0,40.7
46.0,38.8
47.0,37.3
48.0,37.2
49.0,33.6
50.0,30.1
51.0,29.2
52.0,26.6
53.0,26.1
54.0,24.8
55.0,24.5
56.0,23.1
57.0,22.9
58.0,20.3
59.0,20.2
60.0,19.9
61.0,19.7
62.0,19.2
63.0,18.7
64.0,18.5
65.0,17.8
66.0,17.3
67.0,16.9
68.0,15.2
69.0,14.9
70.0,14.3
71.0,13.5
72.0,10.9
73.0,9.6
74.0,8.6
75.0,8.2
76.0,6.0
77.0,5.3
78.0,5.1
79.0,4.4
80.0,3.4
81.0,1.9
82.0,1.7
83.0,0.4
1.0,3064.9
2.0,1952.2
3.0,753.9
4.0,691.0
5.0,577.4
6.0,366.8
7.0,250.5
8.0,225.2
9.0,199.0
10.0,178.3
11.0,125.7
12.0,121.6
13.0,109.2
14.0,94.4
15.0,84.6
16.0,84.5
17.0,84.4
18.0,79.9
19.0,71.6
20.0,70.5
21.0,59.4
22.0,58.5
23.0,57.2
24.0,55.2
25.0,54.4
26.0,50.6
27.0,49.1
28.0,46.1
29.0,44.2
30.0,43.0
31.0,41.3
32.0,40.5
33.0,39.1
34.0,38.0
35.0,35.9
36.0,35.6
37.0,33.2
38.0,30.1
39.0,29.9
40.0,29.2
41.0,28.7
42.0,28.1
43.0,25.8
44.0,25.4
45.0,25.3
46.0,25.1
47.0,25.1
48.0,24.2
49.0,22.8
50.0,22.7
51.0,20.8
52.0,20.5
53.0,20.5
54.0,20.2
55.0,19.9
56.0,19.9
57.0,18.0
58.0,18.0
59.0,16.9
60.0,15.8
61.0,15.5
62.0,15.5
63.0,15.3
64.0,14.8
65.0,14.3
66.0,13.4
67.0,12.8
68.0,11.9
69.0,11.8
70.0,10.6
71.0,10.4
72.0,9.8
73.0,9.4
74.0,9.4
75.0,9.3
76.0,9.1
77.0,8.7
78.0,8.5
79.0,8.0
80.0,7.7
81.0,5.9
82.0,5.2
83.0,4.2
84.0,4.1
85.0,3.6
86.0,2.2
87.0,1.6
1.0,334.5
2.0,280.8
3.0,198.4
4.0,186.7
5.0,180.5
6.0,162.0
7.0,134.4
8.0,133.0
9.0,116.0
10.0,115.7
11.0,112.2
12.0,105.3
13.0,97.9
14.0,97.6
15.0,92.9
16.0,81.7
17.0,78.1
18.0,74.0
19.0,69.5
20.0,67.5
21.0,66.0
22.0,66.0
23.0,65.7
24.0,60.6
25.0,60.6
26.0,59.2
27.0,52.4
28.0,51.8
29.0,51.6
30.0,49.1
31.0,48.9
32.0,48.2
33.0,48.2
34.0,48.0
35.0,47.5
36.0,47.1
37.0,47.0
38.0,46.4
39.0,46.4
40.0,43.9
41.0,43.8
42.0,43.3
43.0,40.1
44.0,40.0
45.0,39.9
46.0,37.5
47.0,37.4
48.0,37.4
49.0,37.2
50.0,34.5
51.0,30.9
52.0,30.1
53.0,29.6
54.0,29.0
55.0,26.2
56.0,26.1
57.0,25.6
58.0,25.3
59.0,25.2
60.0,25.1
61.0,24.8
62.0,24.6
63.0,23.8
64.0,23.8
65.0,23.2
66.0,22.0
67.0,21.1
68.0,21.0
69.0,20.0
70.0,19.9
71.0,19.4
72.0,18.7
73.0,18.7
74.0,17.7
75.0,16.4
76.0,16.1
77.0,14.5
78.0,14.0
79.0,13.8
80.0,13.4
81.0,11.3
82.0,2.9
1.0,4826.7
2.0,1912.8
3.0,1100.5
4.0,624.0
5.0,557.9
6.0,414.0
7.0,332.0
8.0,243.5
9.0,215.9
10.0,215.9
11.0,190.2
12.0,182.4
13.0,144.7
14.0,142.8
15.0,141.6
16.0,131.4
17.0,109.3
18.0,96.7
19.0,93.7
20.0,91.9
21.0,83.5
22.0,81.5
23.0,75.0
24.0,66.9
25.0,64.9
26.0,64.7
27.0,62.5
28.0,61.9
29.0,61.9
30.0,61.5
31.0,61.5
32.0,61.4
33.0,58.1
34.0,52.5
35.0,51.8
36.0,51.7
37.0,48.5
38.0,48.4
39.0,46.3
40.0,45.1
41.0,45.0
42.0,43.6
43.0,42.3
44.0,41.5
45.0,40.4
46.0,39.8
47.0,39.3
48.0,37.5
49.0,36.8
50.0,36.0
51.0,35.6
52.0,35.1
53.0,33.3
54.0,33.2
55.0,33.1
56.0,32.9
57.0,30.9
58.0,30.6
59.0,30.5
60.0,30.2
61.0,30.1
62.0,28.6
63.0,27.9
64.0,27.9
65.0,27.2
66.0,27.1
67.0,26.7
68.0,26.5
69.0,25.2
70.0,25.1
71.0,24.8
72.0,23.5
73.0,22.9
74.0,22.6
75.0,22.3
76.0,22.2
77.0,21.9
78.0,21.6
79.0,21.4
80.0,21.1
81.0,20.8
82.0,20.6
83.0,20.1
84.0,20.0
85.0,19.9
86.0,19.7
87.0,19.1
88.0,18.9
89.0,17.3
90.0,17.2
91.0,16.7
92.0,15.2
93.0,14.6
94.0,14.2
95.0,13.9
96.0,13.8
97.0,13.7
98.0,13.7
99.0,13.1
100.0,13.0
101.0,12.7
102.0,12.4
103.0,12.3
104.0,12.1
105.0,11.1
106.0,10.1
107.0,10.1
108.0,10.0
109.0,10.0
110.0,9.5
111.0,8.3
112.0,8.2
113.0,8.2
114.0,8.0
115.0,7.9
1.0,57.4
2.0,47.9
3.0,42.4
4.0,35.4
5.0,30.2
6.0,18.5
7.0,17.6
8.0,17.5
9.0,16.9
10.0,12.5
11.0,6.9
12.0,5.6
13.0,5.6
14.0,5.3
15.0,5.1
16.0,5.1
17.0,4.9
18.0,4.6
19.0,4.6
20.0,4.5
21.0,4.1
22.0,3.9
23.0,3.8
24.0,3.5
25.0,3.1
26.0,3.0
27.0,2.7
28.0,2.6
29.0,2.6
30.0,2.6
31.0,2.5
32.0,2.1
33.0,2.1
34.0,1.9
35.0,1.9
36.0,1.9
37.0,1.8
38.0,1.7
39.0,1.6
40.0,1.5
41.0,1.5
42.0,1.5
43.0,1.5
44.0,1.3
45.0,1.1
46.0,1.1
47.0,0.8
48.0,0.8
49.0,0.8
50.0,0.7
51.0,0.7
52.0,0.6
53.0,0.5
54.0,0.4
55.0,0.3
56.0,0.2
1.0,1564.9
2.0,670.5
3.0,347.0
4.0,109.1
5.0,78.2
6.0,67.7
7.0,61.0
8.0,55.6
9.0,51.5
10.0,49.4
11.0,48.6
12.0,47.5
13.0,44.7
14.0,29.4
15.0,27.5
16.0,25.5
17.0,25.4
18.0,25.2
19.0,24.8
20.0,24.0
21.0,23.7
22.0,21.4
23.0,17.6
24.0,17.5
25.0,17.0
26.0,16.6
27.0,15.8
28.0,15.8
29.0,15.3
30.0,14.9
31.0,14.2
32.0,14.1
33.0,14.0
34.0,13.7
35.0,13.5
36.0,13.0
37.0,12.7
38.0,12.5
39.0,12.2
40.0,12.0
41.0,11.7
42.0,11.2
43.0,11.0
44.0,10.5
45.0,10.0
46.0,9.0
47.0,8.4
48.0,8.2
49.0,7.9
50.0,7.7
51.0,7.6
52.0,7.5
53.0,7.5
54.0,7.4
55.0,6.8
56.0,6.5
57.0,6.5
58.0,6.4
59.0,6.0
60.0,5.5
61.0,5.5
62.0,4.4
63.0,4.4
64.0,4.4
65.0,4.3
66.0,4.3
67.0,4.2
68.0,4.0
69.0,3.9
70.0,3.8
71.0,3.4
72.0,3.4
73.0,3.3
74.0,2.6
75.0,2.5
76.0,2.2
77.0,2.1
78.0,1.6
79.0,1.5
80.0,1.4
81.0,1.3
82.0,1.1
83.0,1.1
84.0,1.0
85.0,1.0
86.0,1.0
87.0,1.0
88.0,1.0
89.0,0.8
90.0,0.8
91.0,0.7
92.0,0.6
93.0,0.5
1.0,347.4
2.0,248.6
3.0,65.7
4.0,63.9
5.0,25.5
6.0,14.9
7.0,4.8
8.0,3.0
9.0,2.4
10.0,1.8
11.0,1.2
12.0,1.1
13.0,1.1
14.0,1.1
15.0,0.5
16.0,0.4
17.0,0.3
1.0,451.4
2.0,374.4
3.0,323.9
4.0,153.6
5.0,128.6
6.0,105.1
7.0,78.4
8.0,51.1
9.0,48.0
10.0,17.6
1.0,10509.5
2.0,6091.3
3.0,5173.0
4.0,3731.5
5.0,2564.1
6.0,2552.6
7.0,2255.4
8.0,1614.4
9.0,1078.2
10.0,1032.1
11.0,946.5
12.0,859.2
13.0,635.1
14.0,549.1
15.0,409.8
16.0,296.6
17.0,289.7
18.0,274.2
19.0,232.3
20.0,175.9
21.0,155.2
1.0,575.3
2.0,164.5
3.0,76.6
4.0,71.6
5.0,55.8
6.0,36.4
7.0,35.6
8.0,23.0
9.0,15.2
10.0,14.9
11.0,13.4
12.0,13.1
13.0,10.8
14.0,9.9
15.0,8.4
16.0,8.2
17.0,7.4
18.0,6.8
19.0,6.1
20.0,6.0
21.0,4.8
22.0,4.2
23.0,3.5
24.0,3.1
25.0,2.8
26.0,2.6
27.0,2.4
28.0,1.5
29.0,1.4
30.0,1.2
31.0,0.8
32.0,0.5
33.0,0.3
1.0,48180.1
2.0,26525.7
3.0,24593.2
4.0,12797.5
5.0,4609.6
6.0,2979.9
7.0,1924.7
8.0,1596.2
9.0,750.5
10.0,741.1
11.0,632.2
12.0,580.7
13.0,574.0
14.0,547.3
15.0,446.6
16.0,404.9
17.0,360.3
18.0,277.8
19.0,263.7
20.0,239.9
21.0,215.9
22.0,209.9
23.0,188.6
24.0,186.0
25.0,164.5
26.0,156.4
27.0,121.7
28.0,120.5
29.0,110.0
30.0,103.0
31.0,101.3
32.0,98.2
33.0,96.5
34.0,96.4
35.0,92.7
36.0,92.0
37.0,90.2
38.0,89.0
39.0,77.1
40.0,74.4
41.0,73.9
42.0,73.2
43.0,70.4
44.0,70.2
45.0,69.9
46.0,67.3
47.0,67.2
48.0,64.0
49.0,60.8
50.0,60.0
51.0,55.5
52.0,53.9
53.0,52.0
54.0,51.3
55.0,46.8
56.0,44.1
57.0,39.7
58.0,32.2
59.0,30.3
60.0,21.1
61.0,20.4
62.0,2.6
1.0,1774.1
2.0,1111.0
3.0,948.2
4.0,867.8
5.0,761.7
6.0,638.6
7.0,572.3
8.0,507.2
9.0,492.1
10.0,373.6
11.0,370.5
12.0,353.6
13.0,342.0
14.0,327.4
15.0,289.5
16.0,288.4
17.0,273.1
18.0,264.0
19.0,263.3
20.0,257.4
21.0,228.1
22.0,222.8
23.0,220.4
24.0,218.1
25.0,208.1
26.0,202.5
27.0,201.9
28.0,180.2
29.0,175.3
30.0,175.1
31.0,173.2
32.0,166.8
33.0,165.6
34.0,161.7
35.0,155.0
36.0,149.6
37.0,146.7
38.0,141.9
39.0,141.0
40.0,139.0
41.0,136.8
42.0,135.1
43.0,128.3
44.0,127.5
45.0,124.8
46.0,118.7
47.0,112.9
48.0,112.5
49.0,110.1
50.0,108.0
51.0,107.5
52.0,106.4
53.0,102.8
54.0,100.9
55.0,97.3
56.0,96.5
57.0,93.1
58.0,91.3
59.0,86.6
60.0,85.3
61.0,82.1
62.0,80.2
63.0,73.6
64.0,72.4
65.0,71.8
66.0,69.3
67.0,67.9
68.0,67.4
69.0,65.1
70.0,63.3
71.0,63.0
72.0,60.3
73.0,58.2
74.0,58.1
75.0,56.4
76.0,55.1
77.0,54.5
78.0,51.9
79.0,50.6
80.0,49.7
81.0,49.0
82.0,48.1
83.0,46.5
84.0,46.4
85.0,46.4
86.0,46.0
87.0,41.1
88.0,39.4
89.0,38.7
90.0,34.4
91.0,32.6
92.0,30.3
93.0,29.0
94.0,27.9
95.0,26.0
96.0,23.0
97.0,22.1
98.0,21.5
99.0,7.1
100.0,4.0
1.0,89.4
2.0,51.6
3.0,47.3
4.0,32.0
5.0,20.2
6.0,15.3
7.0,14.6
8.0,12.6
9.0,11.3
10.0,9.4
11.0,9.2
12.0,8.9
13.0,8.5
14.0,7.7
15.0,7.3
16.0,6.5
17.0,6.3
18.0,5.2
19.0,4.7
20.0,4.6
21.0,4.5
22.0,4.5
23.0,4.1
24.0,4.0
25.0,3.9
26.0,3.8
27.0,3.7
28.0,3.6
29.0,3.3
30.0,3.3
31.0,3.1
32.0,3.0
33.0,2.9
34.0,2.9
35.0,2.8
36.0,2.8
37.0,2.7
38.0,2.6
39.0,2.5
40.0,2.4
41.0,2.3
42.0,2.2
43.0,2.2
44.0,1.9
45.0,1.9
46.0,1.9
47.0,1.8
48.0,1.7
49.0,1.7
50.0,1.4
51.0,1.3
52.0,0.7
53.0,0.6
1.0,2203.4
2.0,1946.7
3.0,1289.0
4.0,1151.8
5.0,1017.6
6.0,789.5
7.0,735.3
8.0,646.1
9.0,554.5
10.0,534.3
11.0,433.8
12.0,411.5
13.0,397.6
14.0,392.3
15.0,341.1
16.0,327.6
17.0,326.1
18.0,320.5
19.0,291.1
20.0,259.5
21.0,251.8
22.0,245.6
23.0,244.2
24.0,234.5
25.0,229.8
26.0,206.5
27.0,206.5
28.0,199.4
29.0,166.7
30.0,163.7
31.0,162.1
32.0,144.8
33.0,141.1
34.0,135.8
35.0,128.9
36.0,127.8
37.0,127.5
38.0,127.4
39.0,124.7
40.0,122.1
41.0,121.5
42.0,119.7
43.0,119.6
44.0,115.3
45.0,114.1
46.0,111.9
47.0,111.1
48.0,106.9
49.0,104.5
50.0,101.8
51.0,101.6
52.0,101.5
53.0,98.2
54.0,97.6
55.0,96.1
56.0,93.7
57.0,92.8
58.0,92.2
59.0,90.1
60.0,88.6
61.0,87.6
62.0,87.3
63.0,86.2
64.0,85.9
65.0,78.2
66.0,77.6
67.0,75.3
68.0,73.4
69.0,71.5
70.0,70.9
71.0,70.7
72.0,70.6
73.0,69.7
74.0,68.7
75.0,67.6
76.0,66.9
77.0,65.3
78.0,64.8
79.0,64.2
80.0,55.3
81.0,54.4
82.0,48.3
83.0,46.1
84.0,38.2
85.0,36.0
86.0,35.5
87.0,32.1
88.0,31.9
1.0,1049.6
2.0,1034.5
3.0,474.7
4.0,135.6
5.0,126.6
6.0,124.3
7.0,121.5
8.0,115.9
9.0,113.0
10.0,89.1
11.0,84.0
12.0,72.8
13.0,66.2
14.0,61.8
15.0,61.7
16.0,60.1
17.0,58.4
18.0,58.4
19.0,58.2
20.0,57.9
21.0,56.4
22.0,52.3
23.0,52.2
24.0,50.4
25.0,48.4
26.0,48.1
27.0,46.2
28.0,39.8
29.0,38.8
30.0,37.4
31.0,35.6
32.0,33.7
33.0,32.8
34.0,32.7
35.0,32.1
36.0,31.1
37.0,28.5
38.0,28.4
39.0,27.9
40.0,25.4
41.0,22.9
42.0,20.8
43.0,20.5
44.0,19.5
45.0,19.4
46.0,19.0
47.0,18.2
48.0,18.0
49.0,17.4
50.0,17.0
51.0,16.8
52.0,16.8
53.0,16.6
54.0,15.5
55.0,15.0
56.0,14.1
57.0,11.5
58.0,11.3
59.0,10.5
60.0,10.5
61.0,9.6
62.0,9.5
63.0,9.1
64.0,8.9
65.0,8.2
66.0,8.0
67.0,8.0
68.0,6.9
69.0,6.5
70.0,5.4
71.0,4.8
72.0,4.5
73.0,3.6
74.0,3.3
75.0,3.3
76.0,3.1
77.0,1.3
1.0,1626.6
2.0,753.6
3.0,268.7
4.0,204.3
5.0,139.9
6.0,126.8
7.0,102.8
8.0,75.1
9.0,73.7
10.0,71.7
11.0,53.4
12.0,51.2
13.0,50.6
14.0,42.4
15.0,38.6
16.0,34.7
17.0,34.3
18.0,23.7
19.0,20.9
20.0,19.0
21.0,12.6
22.0,12.2
23.0,11.2
24.0,10.8
25.0,10.6
26.0,7.0
27.0,5.5
28.0,5.2
29.0,3.1
30.0,2.2
31.0,2.2
32.0,1.6
33.0,1.6
34.0,0.9
35.0,0.8
36.0,0.7
1.0,10839.8
2.0,2942.1
3.0,1661.3
4.0,1651.0
5.0,1018.1
6.0,1007.0
7.0,792.9
8.0,667.0
9.0,535.5
10.0,483.6
11.0,481.0
12.0,477.1
13.0,460.4
14.0,435.1
15.0,383.1
16.0,372.9
17.0,353.5
18.0,350.0
19.0,272.7
20.0,247.7
21.0,241.8
22.0,240.4
23.0,232.8
24.0,203.0
25.0,197.5
26.0,196.1
27.0,194.7
28.0,188.0
29.0,179.8
30.0,169.6
31.0,169.6
32.0,167.5
33.0,141.5
34.0,140.4
35.0,139.6
36.0,136.9
37.0,120.4
38.0,112.6
39.0,105.8
40.0,103.0
41.0,100.3
42.0,93.8
43.0,84.6
44.0,82.4
45.0,79.5
46.0,71.2
47.0,70.6
48.0,69.7
49.0,69.2
50.0,68.4
51.0,66.0
52.0,64.7
53.0,63.0
54.0,53.8
55.0,51.7
56.0,51.3
57.0,48.5
58.0,45.9
59.0,44.2
60.0,43.7
61.0,37.9
62.0,37.3
63.0,33.7
64.0,17.8
65.0,16.1
66.0,14.1
67.0,12.4
1.0,1444.4
2.0,1102.5
3.0,878.4
4.0,263.9
5.0,225.0
1.0,587.6
2.0,510.2
3.0,356.7
4.0,352.4
5.0,338.1
6.0,269.3
7.0,250.5
8.0,248.0
9.0,233.5
10.0,225.7
11.0,182.4
12.0,171.8
13.0,158.0
14.0,153.6
15.0,150.8
16.0,150.6
17.0,143.2
18.0,140.3
19.0,120.3
20.0,110.8
21.0,91.7
22.0,84.2
23.0,80.9
24.0,77.5
25.0,65.6
26.0,58.4
27.0,58.3
28.0,58.1
29.0,57.5
30.0,55.8
31.0,54.9
32.0,52.4
33.0,49.5
34.0,49.1
35.0,45.5
36.0,43.2
37.0,40.0
38.0,39.6
39.0,38.3
40.0,37.2
41.0,36.7
42.0,35.8
43.0,33.7
44.0,32.9
45.0,25.4
46.0,24.3
1.0,216.3
2.0,83.6
3.0,45.2
4.0,42.4
5.0,40.6
6.0,38.5
7.0,37.6
8.0,33.5
9.0,31.6
10.0,30.6
11.0,21.7
12.0,21.7
13.0,20.6
14.0,14.2
15.0,13.5
16.0,12.4
17.0,12.1
18.0,11.1
19.0,10.6
20.0,9.7
21.0,9.1
22.0,8.9
23.0,8.0
24.0,7.8
25.0,7.5
26.0,7.4
27.0,7.1
28.0,6.9
29.0,6.8
30.0,6.7
31.0,6.3
32.0,6.0
33.0,5.4
34.0,5.3
35.0,5.2
36.0,4.5
37.0,4.3
38.0,4.1
39.0,4.1
40.0,4.1
41.0,4.0
42.0,4.0
43.0,3.9
44.0,3.8
45.0,3.8
46.0,3.5
47.0,3.4
48.0,2.9
49.0,2.6
50.0,2.4
51.0,2.3
52.0,2.3
53.0,2.2
54.0,2.1
55.0,2.0
56.0,1.9
57.0,1.7
58.0,1.7
59.0,1.6
60.0,1.6
61.0,1.4
62.0,1.4
63.0,1.1
64.0,1.0
65.0,0.8
66.0,0.5
1.0,1232.2
2.0,1192.5
3.0,838.1
4.0,598.7
5.0,441.4
6.0,378.4
7.0,365.0
8.0,357.6
9.0,334.7
10.0,332.2
11.0,306.8
12.0,304.7
13.0,219.6
14.0,218.5
15.0,205.0
16.0,201.1
17.0,181.9
18.0,176.1
19.0,166.0
20.0,164.8
21.0,154.9
22.0,140.7
23.0,135.2
24.0,134.4
25.0,129.8
26.0,128.1
27.0,122.3
28.0,121.3
29.0,113.6
30.0,109.9
31.0,102.0
32.0,97.5
33.0,96.2
34.0,95.9
35.0,91.9
36.0,83.3
37.0,82.4
38.0,82.2
39.0,81.0
40.0,80.0
41.0,77.4
42.0,75.1
43.0,73.5
44.0,72.5
45.0,72.1
46.0,71.3
47.0,69.0
48.0,68.8
49.0,68.1
50.0,67.4
51.0,60.4
52.0,59.8
53.0,59.6
54.0,58.7
55.0,58.7
56.0,57.7
57.0,56.5
58.0,55.2
59.0,54.9
60.0,54.7
61.0,54.4
62.0,54.4
63.0,54.2
64.0,54.0
65.0,53.2
66.0,51.9
67.0,50.8
68.0,48.7
69.0,47.6
70.0,47.5
71.0,46.4
72.0,43.6
73.0,42.5
74.0,41.8
75.0,41.5
76.0,40.4
77.0,39.8
78.0,39.8
79.0,39.6
80.0,37.8
81.0,37.6
82.0,37.5
83.0,36.2
84.0,35.9
85.0,34.4
86.0,33.9
87.0,32.9
88.0,32.6
89.0,30.1
90.0,30.0
91.0,29.2
92.0,27.0
93.0,23.1
94.0,20.3
95.0,18.6
1.0,2695.3
2.0,2402.1
3.0,2085.2
4.0,1424.3
5.0,1068.2
6.0,944.5
7.0,811.7
8.0,743.6
9.0,714.9
10.0,559.7
11.0,509.5
12.0,452.3
13.0,445.1
14.0,403.0
15.0,345.9
16.0,340.9
17.0,325.2
18.0,318.4
19.0,298.7
20.0,295.6
21.0,250.6
22.0,226.9
23.0,226.1
24.0,226.1
25.0,218.0
26.0,209.5
27.0,208.2
28.0,202.3
29.0,201.4
30.0,195.4
31.0,162.3
32.0,162.3
33.0,160.7
34.0,145.3
35.0,135.4
36.0,132.6
37.0,132.4
38.0,131.6
39.0,124.6
40.0,119.8
41.0,101.1
42.0,100.8
43.0,100.1
44.0,98.9
45.0,92.5
46.0,86.6
47.0,85.9
48.0,84.5
49.0,83.1
50.0,76.9
51.0,76.4
52.0,73.7
53.0,73.1
54.0,72.2
55.0,71.0
56.0,67.2
57.0,66.6
58.0,65.5
59.0,65.2
60.0,61.5
61.0,61.3
62.0,61.2
63.0,61.0
64.0,57.7
65.0,55.2
66.0,54.7
67.0,54.4
68.0,53.9
69.0,53.3
70.0,50.5
71.0,49.5
72.0,48.0
73.0,47.6
74.0,45.2
75.0,45.1
76.0,44.8
77.0,44.7
78.0,44.3
79.0,43.8
80.0,43.2
81.0,43.0
82.0,42.9
83.0,42.7
84.0,42.5
85.0,42.0
86.0,41.2
87.0,39.6
88.0,39.5
89.0,37.9
90.0,37.7
91.0,37.6
92.0,36.9
93.0,36.9
94.0,36.1
95.0,36.0
96.0,35.8
97.0,35.5
98.0,35.2
99.0,33.4
100.0,31.6
101.0,30.8
102.0,29.5
103.0,29.1
104.0,29.1
105.0,28.4
106.0,28.1
107.0,28.0
108.0,26.2
109.0,25.9
110.0,25.8
111.0,25.5
112.0,25.5
113.0,25.2
114.0,24.6
115.0,24.5
116.0,24.5
117.0,24.4
118.0,23.9
119.0,23.7
120.0,23.0
121.0,22.7
122.0,22.6
123.0,22.4
124.0,22.0
125.0,21.4
126.0,21.3
127.0,20.9
128.0,20.9
129.0,20.2
130.0,20.0
131.0,20.0
132.0,19.8
133.0,19.7
134.0,19.7
135.0,19.1
136.0,18.9
137.0,18.8
138.0,18.7
139.0,18.7
140.0,18.3
141.0,18.0
142.0,17.2
143.0,16.7
144.0,16.5
145.0,15.7
146.0,15.5
147.0,15.2
148.0,15.2
149.0,15.1
150.0,15.0
151.0,14.9
152.0,14.8
153.0,14.5
154.0,14.2
155.0,13.6
156.0,13.6
157.0,13.5
158.0,13.2
159.0,12.9
160.0,12.3
161.0,12.0
162.0,11.5
163.0,11.4
164.0,10.9
165.0,10.7
166.0,10.3
167.0,10.1
168.0,10.1
169.0,10.0
170.0,9.9
171.0,9.9
172.0,9.7
173.0,9.6
174.0,9.4
175.0,9.2
176.0,8.9
177.0,8.9
178.0,8.8
179.0,8.6
180.0,8.6
181.0,8.6
182.0,7.9
183.0,7.7
184.0,7.6
185.0,7.1
186.0,6.8
187.0,6.7
188.0,6.6
189.0,6.5
190.0,6.5
191.0,6.5
192.0,6.5
193.0,6.3
194.0,6.1
195.0,6.0
196.0,5.9
197.0,5.8
198.0,5.6
199.0,5.3
200.0,5.2
201.0,4.8
202.0,4.7
203.0,4.6
204.0,4.6
205.0,4.4
206.0,4.4
207.0,4.4
208.0,4.3
209.0,4.2
210.0,4.1
211.0,4.0
212.0,3.9
213.0,3.9
214.0,3.7
215.0,3.7
216.0,3.6
217.0,3.6
218.0,3.5
219.0,3.3
220.0,3.3
221.0,3.3
222.0,3.0
223.0,2.7
224.0,2.7
225.0,2.6
226.0,2.6
227.0,2.5
228.0,2.4
229.0,2.1
230.0,1.9
231.0,1.8
232.0,1.8
233.0,1.7
234.0,1.6
235.0,1.5
236.0,1.5
237.0,1.5
238.0,1.5
239.0,1.4
240.0,1.4
241.0,1.3
242.0,1.2
243.0,1.0
244.0,1.0
245.0,1.0
246.0,1.0
247.0,0.7
248.0,0.7
249.0,0.6
250.0,0.6
251.0,0.3
252.0,0.3
253.0,0.3
254.0,0.1
1.0,1317.5
2.0,501.0
3.0,358.4
4.0,252.1
5.0,98.9
6.0,59.6
7.0,21.2
8.0,20.1
9.0,17.6
10.0,16.3
11.0,14.2
12.0,14.2
13.0,10.8
14.0,8.2
15.0,7.7
16.0,7.5
17.0,6.0
18.0,3.0
19.0,2.5
20.0,2.5
21.0,2.5
22.0,2.4
23.0,2.1
24.0,1.9
25.0,1.8
26.0,1.8
27.0,1.1
28.0,1.0
29.0,1.0
1.0,256.2
2.0,85.3
3.0,69.7
4.0,64.4
5.0,57.7
6.0,55.2
7.0,54.2
8.0,53.6
9.0,47.3
10.0,45.7
11.0,41.8
12.0,37.7
13.0,35.9
14.0,9.2
1.0,9466.6
2.0,8445.9
3.0,6541.0
4.0,5914.6
5.0,4338.2
6.0,4068.8
7.0,3745.6
8.0,3379.1
9.0,2921.1
10.0,2908.1
11.0,2819.3
12.0,2749.7
13.0,2540.1
14.0,2533.8
15.0,2283.0
16.0,2245.5
17.0,2071.3
18.0,2054.4
19.0,1727.8
20.0,1664.9
21.0,1568.2
22.0,1563.6
23.0,1518.0
24.0,1399.6
25.0,1393.2
26.0,1337.7
27.0,1285.7
28.0,1248.7
29.0,1230.4
30.0,1204.5
31.0,1032.3
32.0,1022.2
33.0,1004.4
34.0,984.2
35.0,971.7
36.0,896.0
37.0,843.2
38.0,742.3
39.0,650.3
40.0,650.3
41.0,534.2
42.0,481.1
43.0,389.6
44.0,370.9
45.0,306.1
46.0,304.6
47.0,246.1
48.0,212.5
49.0,199.2
50.0,193.4
51.0,176.0
52.0,154.3
53.0,140.3
54.0,137.8
55.0,130.9
56.0,130.5
57.0,128.3
58.0,125.2
59.0,119.6
60.0,108.1
61.0,107.5
62.0,105.1
63.0,102.5
64.0,100.9
65.0,99.7
66.0,98.3
67.0,97.9
68.0,96.9
69.0,90.6
70.0,89.4
71.0,85.9
72.0,85.3
73.0,83.1
74.0,80.0
75.0,79.2
76.0,76.1
77.0,75.9
78.0,74.6
79.0,70.5
80.0,69.3
81.0,67.3
82.0,66.0
83.0,65.4
84.0,64.4
85.0,63.0
86.0,62.6
87.0,60.6
88.0,59.7
89.0,58.0
90.0,56.2
91.0,55.2
92.0,54.1
93.0,51.3
94.0,49.9
95.0,48.5
96.0,47.2
97.0,47.0
98.0,47.0
99.0,46.8
100.0,45.2
101.0,43.1
102.0,43.0
103.0,42.3
104.0,41.9
105.0,41.0
106.0,40.5
107.0,40.1
108.0,39.0
109.0,37.8
110.0,37.2
111.0,36.0
112.0,35.6
113.0,35.4
114.0,35.0
115.0,34.2
116.0,33.1
117.0,31.4
118.0,30.5
119.0,29.8
120.0,29.3
121.0,29.3
122.0,27.9
123.0,26.0
124.0,25.3
125.0,24.2
126.0,22.2
127.0,21.7
128.0,18.8
129.0,15.7
130.0,15.4
131.0,8.7
132.0,5.4
1.0,403.2
2.0,345.2
3.0,336.2
4.0,333.8
5.0,274.2
6.0,258.2
7.0,257.0
8.0,229.8
9.0,210.5
10.0,182.0
11.0,165.8
12.0,160.8
13.0,147.7
14.0,129.4
15.0,104.8
16.0,96.6
17.0,84.8
18.0,81.5
19.0,79.4
20.0,76.0
21.0,69.0
22.0,68.4
23.0,62.0
24.0,61.9
25.0,61.2
26.0,56.5
27.0,51.8
28.0,49.2
29.0,48.8
30.0,48.2
31.0,46.2
32.0,45.1
33.0,42.1
34.0,39.9
35.0,39.8
36.0,37.3
37.0,36.7
38.0,34.8
39.0,34.8
40.0,30.5
41.0,28.6
42.0,28.3
43.0,28.1
44.0,27.0
45.0,26.8
46.0,25.8
47.0,25.6
48.0,24.7
49.0,24.6
50.0,23.9
51.0,22.5
52.0,16.6
53.0,16.2
54.0,10.8
55.0,9.2
1.0,801.5
2.0,676.0
3.0,410.4
4.0,406.2
5.0,304.2
6.0,291.1
7.0,277.9
8.0,246.2
9.0,242.7
10.0,221.8
11.0,221.0
12.0,178.5
13.0,155.9
14.0,144.5
15.0,132.8
16.0,124.7
17.0,116.1
18.0,97.7
19.0,91.7
20.0,90.6
21.0,85.6
22.0,85.5
23.0,77.9
24.0,73.9
25.0,71.2
26.0,69.0
27.0,68.2
28.0,63.3
29.0,60.6
30.0,54.1
31.0,51.4
32.0,51.0
33.0,50.0
34.0,49.7
35.0,45.8
36.0,45.7
37.0,43.3
38.0,39.5
39.0,38.3
40.0,36.9
41.0,33.1
42.0,32.8
43.0,32.6
44.0,31.5
45.0,30.9
46.0,30.3
47.0,29.9
48.0,29.7
49.0,29.7
50.0,28.9
51.0,28.4
52.0,27.6
53.0,26.8
54.0,26.5
55.0,22.2
56.0,21.0
57.0,20.9
58.0,20.5
59.0,18.9
60.0,18.8
61.0,18.5
62.0,17.5
63.0,15.5
64.0,12.2
65.0,12.0
66.0,11.7
67.0,10.9
68.0,9.0
69.0,8.8
70.0,7.4
71.0,7.0
72.0,6.4
1.0,35.1
2.0,14.6
3.0,11.7
4.0,10.1
5.0,9.9
6.0,8.6
7.0,6.1
8.0,5.2
9.0,4.4
10.0,4.4
11.0,4.3
12.0,4.1
13.0,4.1
14.0,3.8
15.0,3.7
16.0,3.3
17.0,3.0
18.0,2.5
19.0,2.4
20.0,2.1
21.0,2.1
22.0,2.0
23.0,0.9
